net,length_um
uart_rst,246.2
clknet_2_1__leaf_clk,226.38
_0964_,220.63
clknet_2_0__leaf_clk,218.24
_1008_,207.65
clknet_2_3__leaf_clk,206.02
_0829_,205.4
_1002_,197.07
_0821_,196.65
_1009_,196.64
clk,180.78
_0558_,180.49
_0841_,161.24
_0764_,160.08
clknet_2_2__leaf_clk,160.03
_0986_,156.18
_0738_,152.53
_0820_,151.88
_0963_,149.74
_0759_,144.74
clknet_0_clk,130.75
net1,128.44
clknet_leaf_0_clk,127.34
_0479_,125.51
net3,123.38
_0414_,122.88
net5,120.84
_0766_,116.82
clknet_leaf_22_clk,114.36
_0501_,113.765
_0559_,110.975
_0639_,109.595
clknet_leaf_16_clk,109.115
clknet_leaf_23_clk,107.71
_0930_,105.9
_0974_,104.56
net8,104.45
_0561_,102.28
_1001_,102.06
_0560_,98.785
net11,97.17
clknet_leaf_2_clk,96.65
net7,96.5
net12,95.4
clknet_leaf_19_clk,93.5
_0609_,92.84
_0345_,92.34
_0571_,91.18
clknet_leaf_4_clk,90.24
_0504_,88.78
_0383_,88.52
_0638_,88.22
clknet_leaf_3_clk,87.86
clknet_leaf_8_clk,87.15
clknet_leaf_28_clk,86.79
clknet_leaf_5_clk,83.99
clknet_leaf_10_clk,81.18
_0379_,80.29
_0536_,79.56
net17,79.04
_0945_,78.91
clknet_leaf_9_clk,77.33
clknet_leaf_20_clk,76.7
clknet_leaf_17_clk,74.135
clknet_leaf_11_clk,73.3
net15,72.26
_0998_,71.96
clknet_leaf_25_clk,71.63
_0703_,71.54
_0328_,70.92
clknet_leaf_29_clk,70.42
_0499_,70.1
clknet_leaf_26_clk,66.84
clknet_leaf_18_clk,66.42
clknet_leaf_14_clk,65.8
_0454_,65.68
_0977_,65.06
net18,64.935
clknet_leaf_12_clk,63.8
clknet_leaf_6_clk,62.98
clknet_leaf_27_clk,62.72
uart_rx_jetson_inst.rxd_reg,61.78
_0349_,60.6
_0506_,60.29
net10,60.22
_0754_,59.67
clknet_leaf_24_clk,58.4
dual_watchdog_inst.watchdog_fc.rising_edge_timeout.internal_count\[19\],58.28
_0520_,57.56
dual_watchdog_inst.watchdog_fc.rising_edge_timeout.internal_count\[20\],56.52
_0940_,56.075
clknet_leaf_21_clk,55.88
_0676_,54.465
_0740_,53.96
_0392_,53.92
net9,53.87
clknet_leaf_7_clk,53.14
_0666_,52.18
net14,51.81
clknet_leaf_1_clk,51.6
_0389_,51.22
_0000_,51.14
_0875_,50.9
dual_watchdog_inst.watchdog_fc.rising_edge_timeout.assert_time\[20\],50.36
_0745_,49.78
uart_rx_raspi_inst.rxd_reg,49.58
_0972_,49.32
_0825_,49.24
_0473_,48.455
_0933_,48.22
_0540_,47.18
_0645_,45.72
_0373_,44.86
_0919_,43.96
_0565_,43.62
dual_watchdog_inst.watchdog_fc.falling_edge_timeout.internal_count\[20\],43.28
_0866_,42.76
_0999_,42.7
_0882_,42.56
net13,42.29
_0436_,41.76
clknet_leaf_13_clk,41.62
dual_watchdog_inst.watchdog_fc.rising_edge_timeout.internal_count\[21\],41.52
_0808_,41.26
dual_watchdog_inst.watchdog_fc.falling_edge_timeout.assert_time\[24\],41.1
dual_watchdog_inst.watchdog_fc.rising_edge_timeout.internal_count\[0\],41.04
_0853_,40.84
net2,40.28
_0742_,40.06
_0900_,40.02
_0758_,39.42
_0694_,39.365
_0939_,38.66
_0896_,38.62
_0733_,37.14
_0966_,37.04
_0747_,36.9
clknet_leaf_15_clk,36.755
dual_watchdog_inst.watchdog_fc.falling_edge_timeout.internal_count\[18\],36.42
dual_watchdog_inst.watchdog_fc.rising_edge_timeout.assert_time\[17\],35.96
dual_watchdog_inst.watchdog_fc.falling_edge_timeout.internal_count\[0\],35.84
_0839_,35.81
dual_watchdog_inst.watchdog_fc.falling_edge_timeout.assert_time\[0\],35.16
dual_watchdog_inst.watchdog_fc.rising_edge_timeout.internal_count\[4\],35.14
_0589_,34.86
dual_watchdog_inst.watchdog_fc.rising_edge_timeout.assert_time\[9\],34.74
dual_watchdog_inst.watchdog_fc.falling_edge_timeout.assert_time\[1\],34.56
uart_rx_raspi_inst.prescale_reg\[9\],34.56
dual_watchdog_inst.watchdog_fc.rising_edge_timeout.assert_time\[25\],34.44
uart_rx_raspi_inst.bit_cnt\[0\],34.36
_0938_,34.2
uart_rx_jetson_inst.bit_cnt\[0\],34.165
dual_watchdog_inst.watchdog_fc.rising_edge_timeout.assert_time\[11\],34.04
dual_watchdog_inst.watchdog_fc.falling_edge_timeout.assert_time\[12\],33.98
uart_rx_jetson_inst.data_reg\[7\],33.9
_0378_,33.78
_0735_,33.24
_0410_,33.1
_0834_,32.88
uart_rx_jetson_inst.m_axis_tvalid_reg,32.76
_0906_,32.72
dual_watchdog_inst.watchdog_fc.falling_edge_timeout.internal_count\[21\],32.58
_0908_,32.495
_0474_,32.4
dual_watchdog_inst.watchdog_fc.falling_edge_timeout.internal_count\[14\],32.26
dual_watchdog_inst.watchdog_fc.falling_edge_timeout.internal_count\[26\],32.1
uart_rx_raspi_inst.data_reg\[1\],31.88
dual_watchdog_inst.watchdog_fc.falling_edge_timeout.internal_count\[1\],31.34
uart_rx_jetson_inst.m_axis_tdata_reg\[2\],31.3
uart_tx_raspi_inst.bit_cnt\[0\],30.84
uart_rx_raspi_inst.prescale_reg\[16\],30.78
_0965_,30.68
dual_watchdog_inst.watchdog_fc.rising_edge_timeout.assert_time\[14\],30.6
dual_watchdog_inst.watchdog_fc.falling_edge_timeout.internal_count\[8\],30.59
_0889_,30.58
uart_tx_raspi_inst.prescale_reg\[11\],30.5
_0743_,30.4
dual_watchdog_inst.watchdog_fc.rising_edge_timeout.internal_count\[1\],30.28
_0475_,30.24
net239,30.1
_0346_,30.02
dual_watchdog_inst.watchdog_fc.falling_edge_timeout.internal_count\[25\],29.92
dual_watchdog_inst.watchdog_fc.rising_edge_timeout.assert_time\[21\],29.8
_0502_,29.7
dual_watchdog_inst.watchdog_fc.rising_edge_timeout.assert_time\[24\],29.46
_0817_,29.4
dual_watchdog_inst.watchdog_fc.rising_edge_timeout.internal_count\[15\],29.28
_0470_,29.095
dual_watchdog_inst.watchdog_fc.falling_edge_timeout.internal_count\[24\],28.96
uart_rx_jetson_inst.bit_cnt\[1\],28.96
_0651_,28.805
_0799_,28.66
dual_watchdog_inst.watchdog_fc.rising_edge_timeout.internal_count\[24\],28.62
dual_watchdog_inst.watchdog_fc.rising_edge_timeout.assert_time\[8\],28.6
_0936_,28.55
uart_tx_raspi_inst.prescale_reg\[16\],28.315
dual_watchdog_inst.watchdog_fc.rising_edge_timeout.assert_time\[2\],28.09
dual_watchdog_inst.watchdog_fc.falling_edge_timeout.internal_count\[19\],28.06
dual_watchdog_inst.watchdog_fc.falling_edge_timeout.internal_count\[15\],27.5
uart_rx_jetson_inst.m_axis_tdata_reg\[1\],27.4
dual_watchdog_inst.watchdog_fc.rising_edge_timeout.internal_count\[25\],27.325
_0393_,27.32
_0425_,27.3
_0431_,26.86
dual_watchdog_inst.watchdog_fc.rising_edge_timeout.assert_time\[4\],26.84
dual_watchdog_inst.watchdog_fc.falling_edge_timeout.assert_time\[11\],26.71
_0749_,26.68
net240,26.68
uart_rx_raspi_inst.bit_cnt\[1\],26.66
_0997_,26.645
dual_watchdog_inst.watchdog_fc.rising_edge_timeout.internal_count\[13\],26.6
_0682_,26.49
uart_tx_jetson_inst.data_reg\[0\],26.36
dual_watchdog_inst.watchdog_fc.falling_edge_timeout.assert_time\[16\],26.3
_0726_,26.28
uart_rx_jetson_inst.data_reg\[6\],26.28
_0602_,26.24
uart_rx_raspi_inst.bit_cnt\[2\],25.9
_0596_,25.88
_0934_,25.635
uart_rx_jetson_inst.m_axis_tdata_reg\[6\],25.6
_0855_,25.58
_0941_,25.36
dual_watchdog_inst.watchdog_fc.falling_edge_timeout.internal_count\[16\],25.36
_0943_,25.34
_0819_,25.26
uart_tx_raspi_inst.data_reg\[3\],25.26
_0476_,25.12
_0969_,24.92
dual_watchdog_inst.watchdog_fc.falling_edge_timeout.internal_count\[11\],24.7
dual_watchdog_inst.watchdog_fc.rising_edge_timeout.assert_time\[13\],24.68
_0967_,24.66
uart_rx_jetson_inst.m_axis_tdata_reg\[3\],24.66
_0477_,24.505
uart_rx_raspi_inst.m_axis_tdata_reg\[4\],24.44
uart_rx_raspi_inst.bit_cnt\[3\],24.32
dual_watchdog_inst.watchdog_fc.falling_edge_timeout.internal_count\[10\],24.3
_0655_,24.2
_0970_,24.16
_0926_,24.12
_0610_,24.1
dual_watchdog_inst.watchdog_fc.falling_edge_timeout.assert_time\[4\],23.96
_0167_,23.945
_0590_,23.94
_0469_,23.78
dual_watchdog_inst.watchdog_fc.rising_edge_timeout.assert_time\[15\],23.78
dual_watchdog_inst.watchdog_fc.rising_edge_timeout.internal_count\[14\],23.7
_0001_,23.62
dual_watchdog_inst.watchdog_fc.falling_edge_timeout.assert_time\[2\],23.58
uart_rx_jetson_inst.m_axis_tdata_reg\[4\],23.53
clknet_leaf_30_clk,23.4
uart_tx_jetson_inst.bit_cnt\[2\],23.36
dual_watchdog_inst.watchdog_fc.rising_edge_timeout.internal_count\[16\],22.94
dual_watchdog_inst.watchdog_fc.falling_edge_timeout.internal_count\[2\],22.88
uart_tx_raspi_inst.prescale_reg\[4\],22.82
_0369_,22.76
_0471_,22.74
dual_watchdog_inst.watchdog_fc.falling_edge_timeout.internal_count\[22\],22.68
dual_watchdog_inst.watchdog_fc.falling_edge_timeout.internal_count\[4\],22.61
dual_watchdog_inst.watchdog_fc.rising_edge_timeout.internal_count\[5\],22.6
_0806_,22.44
uart_tx_jetson_inst.prescale_reg\[8\],22.42
net165,22.4
rst_cnt\[1\],22.3
_0417_,22.26
_0846_,22.26
_0849_,22.24
_0803_,21.9
uart_tx_jetson_inst.prescale_reg\[4\],21.9
dual_watchdog_inst.watchdog_fc.falling_edge_timeout.assert_time\[20\],21.82
_0827_,21.72
dual_watchdog_inst.watchdog_fc.rising_edge_timeout.internal_count\[12\],21.72
_0405_,21.68
_0612_,21.62
uart_rx_jetson_inst.data_reg\[4\],21.5
uart_tx_jetson_inst.prescale_reg\[1\],21.435
dual_watchdog_inst.watchdog_fc.rising_edge_timeout.assert_time\[1\],21.34
_0748_,21.265
_0723_,21.26
uart_rx_raspi_inst.m_axis_tdata_reg\[2\],21.26
net62,21.22
_0497_,21.185
dual_watchdog_inst.watchdog_fc.falling_edge_timeout.assert_time\[23\],21.12
_0399_,21.1
uart_tx_raspi_inst.prescale_reg\[10\],21.1
dual_watchdog_inst.watchdog_fc.falling_edge_timeout.internal_count\[6\],21
_0670_,20.96
net95,20.86
_0737_,20.84
uart_rx_raspi_inst.prescale_reg\[18\],20.84
_0002_,20.76
uart_rx_raspi_inst.data_reg\[3\],20.76
dual_watchdog_inst.watchdog_fc.rising_edge_timeout.assert_time\[3\],20.74
uart_rx_jetson_inst.prescale_reg\[13\],20.64
uart_tx_jetson_inst.prescale_reg\[6\],20.64
dual_watchdog_inst.watchdog_fc.rising_edge_timeout.assert_time\[23\],20.48
uart_tx_raspi_inst.bit_cnt\[2\],20.48
uart_rx_raspi_inst.m_axis_tvalid_reg,20.46
dual_watchdog_inst.watchdog_fc.falling_edge_timeout.internal_count\[9\],20.44
uart_rx_jetson_inst.m_axis_tdata_reg\[5\],20.42
dual_watchdog_inst.watchdog_fc.rising_edge_timeout.assert_time\[6\],20.4
dual_watchdog_inst.watchdog_fc.rising_edge_timeout.internal_count\[23\],20.38
dual_watchdog_inst.watchdog_fc.falling_edge_timeout.internal_count\[12\],20.34
_0797_,20.32
uart_rx_jetson_inst.m_axis_tdata_reg\[0\],20.32
dual_watchdog_inst.watchdog_fc.falling_edge_timeout.assert_time\[10\],20.28
uart_tx_jetson_inst.prescale_reg\[9\],20.24
dual_watchdog_inst.watchdog_fc.falling_edge_timeout.assert_time\[25\],20.23
dual_watchdog_inst.watchdog_fc.rising_edge_timeout.assert_time\[12\],20.16
_0672_,20.1
uart_tx_jetson_inst.prescale_reg\[10\],20.08
_0722_,19.98
dual_watchdog_inst.watchdog_fc.rising_edge_timeout.assert_time\[26\],19.9
uart_tx_jetson_inst.bit_cnt\[3\],19.885
_0427_,19.84
_0537_,19.72
_0662_,19.66
uart_rx_jetson_inst.bit_cnt\[2\],19.62
_0973_,19.58
uart_rx_jetson_inst.data_reg\[5\],19.56
uart_rx_jetson_inst.prescale_reg\[4\],19.555
_0375_,19.54
_0713_,19.48
dual_watchdog_inst.watchdog_fc.rising_edge_timeout.internal_count\[6\],19.38
_0255_,19.355
dual_watchdog_inst.watchdog_fc.falling_edge_timeout.assert_time\[6\],19.18
uart_rx_raspi_inst.m_axis_tdata_reg\[3\],19.18
uart_rx_raspi_inst.m_axis_tdata_reg\[7\],19.18
_0845_,19.13
_0886_,19.1
uart_rx_raspi_inst.m_axis_tdata_reg\[6\],19.02
uart_rx_raspi_inst.prescale_reg\[10\],18.95
dual_watchdog_inst.watchdog_fc.rising_edge_timeout.internal_count\[18\],18.86
dual_watchdog_inst.watchdog_fc.rising_edge_timeout.internal_count\[10\],18.82
net174,18.82
net96,18.66
uart_rx_raspi_inst.data_reg\[4\],18.62
dual_watchdog_inst.watchdog_fc.rising_edge_timeout.assert_time\[10\],18.58
dual_watchdog_inst.watchdog_fc.rising_edge_timeout.assert_time\[18\],18.58
uart_tx_raspi_inst.prescale_reg\[0\],18.56
dual_watchdog_inst.watchdog_fc.rising_edge_timeout.internal_count\[7\],18.54
uart_tx_jetson_inst.prescale_reg\[12\],18.54
uart_rx_raspi_inst.data_reg\[2\],18.52
uart_rx_raspi_inst.prescale_reg\[4\],18.435
dual_watchdog_inst.watchdog_fc.falling_edge_timeout.internal_count\[13\],18.42
dual_watchdog_inst.watchdog_fc.rising_edge_timeout.assert_time\[7\],18.42
net84,18.38
dual_watchdog_inst.watchdog_fc.rising_edge_timeout.internal_count\[2\],18.375
_0801_,18.36
dual_watchdog_inst.watchdog_fc.rising_edge_timeout.internal_count\[26\],18.22
_0396_,18.2
uart_tx_jetson_inst.bit_cnt\[1\],18.16
dual_watchdog_inst.watchdog_fc.rising_edge_timeout.assert_time\[0\],18.13
_0942_,17.98
_0996_,17.98
net155,17.98
_0434_,17.96
_0761_,17.94
_0929_,17.94
_0725_,17.92
_0861_,17.9
uart_rx_jetson_inst.prescale_reg\[18\],17.86
_0961_,17.82
dual_watchdog_inst.watchdog_fc.falling_edge_timeout.assert_time\[5\],17.82
_0720_,17.7
dual_watchdog_inst.watchdog_fc.rising_edge_timeout.internal_count\[22\],17.64
uart_tx_raspi_inst.prescale_reg\[12\],17.64
net4,17.42
uart_tx_jetson_inst.prescale_reg\[0\],17.4
uart_tx_raspi_inst.prescale_reg\[13\],17.4
_0686_,17.36
uart_rx_jetson_inst.prescale_reg\[8\],17.275
_0323_,17.245
dual_watchdog_inst.watchdog_fc.rising_edge_timeout.assert_time\[19\],17.14
_0015_,17.12
dual_watchdog_inst.watchdog_fc.falling_edge_timeout.assert_time\[21\],17.06
uart_tx_jetson_inst.data_reg\[1\],17.06
_0681_,16.94
_0654_,16.92
_0391_,16.88
_0730_,16.78
uart_rx_jetson_inst.prescale_reg\[14\],16.68
_0619_,16.56
_0782_,16.48
_0804_,16.46
_0724_,16.44
uart_tx_raspi_inst.prescale_reg\[5\],16.33
uart_rx_jetson_inst.data_reg\[2\],16.3
uart_rx_jetson_inst.prescale_reg\[12\],16.3
_0741_,16.2
_0280_,16.16
dual_watchdog_inst.watchdog_fc.rising_edge_timeout.internal_count\[9\],16.16
_0546_,16.075
_0564_,16.02
_0814_,16
dual_watchdog_inst.watchdog_fc.falling_edge_timeout.assert_time\[13\],16
uart_tx_raspi_inst.bit_cnt\[3\],15.995
_0794_,15.98
uart_tx_raspi_inst.data_reg\[6\],15.88
dual_watchdog_inst.watchdog_fc.falling_edge_timeout.assert_time\[14\],15.86
uart_tx_jetson_inst.data_reg\[4\],15.84
uart_tx_jetson_inst.data_reg\[7\],15.78
dual_watchdog_inst.watchdog_fc.falling_edge_timeout.assert_time\[8\],15.74
uart_rx_raspi_inst.prescale_reg\[2\],15.7
net60,15.68
_0543_,15.56
uart_rx_jetson_inst.data_reg\[1\],15.52
uart_rx_jetson_inst.data_reg\[3\],15.42
uart_tx_raspi_inst.prescale_reg\[6\],15.42
_0755_,15.4
_0717_,15.26
uart_rx_jetson_inst.bit_cnt\[3\],15.245
_0736_,15.2
uart_rx_raspi_inst.prescale_reg\[8\],15.165
_0840_,15.14
uart_tx_jetson_inst.prescale_reg\[15\],15.12
dual_watchdog_inst.watchdog_fc.falling_edge_timeout.assert_time\[26\],15.1
_0678_,15.06
uart_rx_jetson_inst.prescale_reg\[9\],14.98
uart_tx_raspi_inst.prescale_reg\[8\],14.98
uart_tx_jetson_inst.prescale_reg\[14\],14.96
uart_tx_raspi_inst.data_reg\[5\],14.96
_0877_,14.935
_0372_,14.9
net6,14.84
net16,14.84
uart_rx_jetson_inst.prescale_reg\[0\],14.8
_0631_,14.72
uart_rx_raspi_inst.prescale_reg\[0\],14.69
uart_rx_jetson_inst.m_axis_tdata_reg\[7\],14.64
uart_rx_jetson_inst.prescale_reg\[1\],14.63
uart_rx_raspi_inst.m_axis_tdata_reg\[5\],14.6
uart_rx_jetson_inst.prescale_reg\[16\],14.44
uart_tx_raspi_inst.prescale_reg\[1\],14.41
_0521_,14.34
_0892_,14.33
uart_tx_raspi_inst.data_reg\[8\],14.3
uart_tx_jetson_inst.data_reg\[3\],14.26
uart_tx_raspi_inst.bit_cnt\[1\],14.2
_0439_,14.18
uart_rx_raspi_inst.prescale_reg\[3\],14.18
dual_watchdog_inst.watchdog_fc.falling_edge_timeout.assert_time\[7\],14.14
_0329_,14.12
_0816_,14.08
net19,14.06
_0355_,13.94
_0968_,13.89
_1003_,13.86
_0689_,13.8
_0927_,13.7
_0729_,13.6
uart_rx_raspi_inst.data_reg\[6\],13.58
uart_tx_jetson_inst.prescale_reg\[17\],13.56
uart_tx_raspi_inst.prescale_reg\[7\],13.54
_0669_,13.5
dual_watchdog_inst.watchdog_fc.rising_edge_timeout.internal_count\[11\],13.5
_0622_,13.46
dual_watchdog_inst.watchdog_fc.falling_edge_timeout.internal_count\[7\],13.46
_0775_,13.42
net77,13.335
_0310_,13.32
_0496_,13.28
uart_rx_raspi_inst.m_axis_tdata_reg\[1\],13.18
_0451_,13.16
_0810_,13.16
rst_cnt\[4\],13.14
_0185_,13.1
_0815_,13.08
_0858_,12.86
uart_rx_raspi_inst.prescale_reg\[14\],12.84
_0684_,12.8
_0049_,12.74
_0683_,12.72
_0811_,12.72
net64,12.6
uart_rx_jetson_inst.prescale_reg\[10\],12.57
dual_watchdog_inst.watchdog_fc.falling_edge_timeout.assert_time\[18\],12.54
uart_rx_raspi_inst.prescale_reg\[5\],12.54
dual_watchdog_inst.watchdog_fc.rising_edge_timeout.assert_time\[22\],12.46
uart_rx_raspi_inst.prescale_reg\[13\],12.46
net226,12.46
dual_watchdog_inst.watchdog_fc.falling_edge_timeout.internal_count\[5\],12.42
_0573_,12.38
uart_tx_jetson_inst.bit_cnt\[0\],12.34
_0286_,12.295
_0250_,12.28
dual_watchdog_inst.watchdog_fc.falling_edge_timeout.assert_time\[22\],12.26
uart_tx_jetson_inst.data_reg\[8\],12.22
_0767_,12.18
_0562_,12.12
dual_watchdog_inst.watchdog_fc.falling_edge_timeout.internal_count\[23\],12.12
net50,12.12
_0914_,12.04
_0931_,12.04
uart_tx_jetson_inst.data_reg\[2\],12.04
_0308_,12.025
uart_rx_raspi_inst.prescale_reg\[1\],11.955
_0569_,11.9
dual_watchdog_inst.watchdog_fc.rising_edge_timeout.internal_count\[3\],11.9
_0618_,11.88
_0833_,11.82
_0796_,11.8
_0925_,11.8
_0872_,11.76
_0531_,11.64
dual_watchdog_inst.watchdog_fc.rising_edge_timeout.internal_count\[8\],11.64
uart_rx_raspi_inst.prescale_reg\[7\],11.64
_0607_,11.62
_0661_,11.52
_0750_,11.52
_0374_,11.5
_0628_,11.42
_0371_,11.4
_0728_,11.38
_0380_,11.32
uart_rx_jetson_inst.prescale_reg\[11\],11.3
_0632_,11.26
_0674_,11.26
txd_jetson,11.22
_0917_,11.18
uart_rx_jetson_inst.prescale_reg\[2\],11.18
_0671_,11.16
_0785_,11.12
_0685_,11.1
_0673_,11.04
_0822_,11.04
rst_cnt\[0\],11.04
_0472_,11.02
heartbeat_fc,11.02
net223,10.96
uart_rx_jetson_inst.prescale_reg\[5\],10.94
_0357_,10.9
_0650_,10.88
net201,10.88
_0440_,10.86
_0885_,10.78
_0893_,10.78
net114,10.78
uart_tx_jetson_inst.prescale_reg\[5\],10.72
uart_tx_jetson_inst.data_reg\[6\],10.66
uart_tx_jetson_inst.prescale_reg\[13\],10.66
_0438_,10.64
_0550_,10.64
uart_tx_jetson_inst.prescale_reg\[16\],10.62
uart_tx_jetson_inst.s_axis_tready_reg,10.62
_0731_,10.58
uart_tx_jetson_inst.prescale_reg\[7\],10.58
_0836_,10.56
_0760_,10.54
_0995_,10.52
_0663_,10.5
_0633_,10.44
rst_cnt\[5\],10.42
uart_tx_raspi_inst.prescale_reg\[18\],10.42
net111,10.42
_0809_,10.4
uart_tx_jetson_inst.data_reg\[5\],10.4
_0843_,10.36
uart_tx_raspi_inst.data_reg\[7\],10.36
_0009_,10.32
_0551_,10.28
dual_watchdog_inst.watchdog_fc.falling_edge_timeout.assert_time\[9\],10.28
_0510_,10.26
_0604_,10.24
_0330_,10.22
_0911_,10.16
dual_watchdog_inst.watchdog_fc.rising_edge_timeout.assert_time\[16\],10.12
dual_watchdog_inst.watchdog_fc.falling_edge_timeout.assert_time\[3\],10.08
net98,10.04
_0376_,10
_0007_,9.98
_0368_,9.98
_0656_,9.96
_0278_,9.925
_0303_,9.92
_0359_,9.92
uart_tx_jetson_inst.prescale_reg\[18\],9.92
_0620_,9.86
_0904_,9.86
_0988_,9.86
net33,9.86
_0851_,9.82
_0952_,9.82
net66,9.82
_0621_,9.8
_0744_,9.78
net213,9.78
_0597_,9.72
uart_tx_jetson_inst.prescale_reg\[11\],9.7
uart_tx_raspi_inst.data_reg\[4\],9.7
_0895_,9.655
_0332_,9.64
uart_rx_raspi_inst.data_reg\[5\],9.62
_0700_,9.59
uart_tx_raspi_inst.prescale_reg\[17\],9.58
_0302_,9.54
_0305_,9.52
_0790_,9.5
_0415_,9.48
net35,9.48
net52,9.48
_0137_,9.465
_0281_,9.44
_0599_,9.42
_0718_,9.42
_0823_,9.42
_0119_,9.385
uart_rx_jetson_inst.prescale_reg\[3\],9.36
net136,9.36
_0667_,9.34
_0542_,9.3
net81,9.28
dual_watchdog_inst.watchdog_fc.falling_edge_timeout.assert_time\[17\],9.24
_0880_,9.22
uart_rx_raspi_inst.m_axis_tdata_reg\[0\],9.18
net183,9.16
_0579_,9.14
_0204_,9.125
uart_tx_raspi_inst.data_reg\[2\],9.12
net55,9.12
_0337_,9.1
_0402_,9.1
_1011_,9.08
_0078_,9.07
_0762_,9.06
uart_tx_raspi_inst.prescale_reg\[14\],9.06
net137,9.06
_0783_,9.04
_0890_,9.02
uart_rx_raspi_inst.prescale_reg\[15\],9.02
_0182_,8.985
_0629_,8.94
dual_watchdog_inst.watchdog_fc.falling_edge_timeout.internal_count\[3\],8.915
_0852_,8.9
_0340_,8.88
_0166_,8.86
_0798_,8.8
_0180_,8.78
_0691_,8.76
_0131_,8.745
rxd_jetson,8.72
_0505_,8.7
net180,8.7
uart_rx_jetson_inst.prescale_reg\[17\],8.66
_0884_,8.65
net143,8.62
_0306_,8.6
net133,8.6
net220,8.6
_0791_,8.56
uart_rx_raspi_inst.data_reg\[0\],8.56
uart_rx_raspi_inst.prescale_reg\[11\],8.56
_0874_,8.54
_0160_,8.525
_0463_,8.5
_0251_,8.48
uart_rx_raspi_inst.data_reg\[7\],8.48
_0245_,8.46
net105,8.44
uart_rx_jetson_inst.prescale_reg\[7\],8.43
_0591_,8.42
_0658_,8.4
_0950_,8.4
net185,8.4
_0838_,8.36
net237,8.36
_0149_,8.345
net68,8.34
net192,8.34
_0008_,8.28
_0012_,8.28
net20,8.275
_0124_,8.26
dual_watchdog_inst.watchdog_fc.falling_edge_timeout.internal_count\[17\],8.24
uart_tx_raspi_inst.prescale_reg\[2\],8.24
_0215_,8.22
_0446_,8.12
_0331_,8.1
_0578_,8.1
_0595_,8.1
_0679_,8.1
net40,8.1
_0161_,8.085
_0828_,8.08
_0269_,8.065
_1014_,8.06
_0802_,8.04
net30,8.02
_0715_,7.98
_0768_,7.98
_0580_,7.96
_0957_,7.96
_0336_,7.94
_0946_,7.94
net92,7.94
_0665_,7.88
_0429_,7.86
_0771_,7.86
net28,7.86
_0010_,7.82
_0466_,7.82
_0982_,7.82
dual_watchdog_inst.watchdog_fc.falling_edge_timeout.assert_time\[15\],7.78
net39,7.75
net211,7.74
net214,7.74
_0317_,7.7
net94,7.68
net197,7.68
_0435_,7.64
_0254_,7.605
_0538_,7.6
_0444_,7.58
_0777_,7.58
_0188_,7.565
_0698_,7.56
_0232_,7.52
uart_rx_raspi_inst.prescale_reg\[6\],7.52
_0366_,7.48
_0716_,7.48
_0433_,7.46
_0450_,7.44
_0688_,7.42
_0267_,7.4
_0948_,7.4
_0421_,7.38
_0173_,7.365
_0576_,7.32
dual_watchdog_inst.watchdog_fc.falling_edge_timeout.assert_time\[19\],7.32
_0751_,7.28
_0677_,7.24
_0513_,7.22
_0523_,7.22
net208,7.22
_0225_,7.18
_0400_,7.18
dual_watchdog_inst.watchdog_fc.rising_edge_timeout.assert_time\[5\],7.18
net176,7.18
_0143_,7.165
_0174_,7.165
_0183_,7.165
_0395_,7.14
_0448_,7.12
_0644_,7.12
_0279_,7.105
_0239_,7.1
_0530_,7.1
_0625_,7.1
_0660_,7.1
_0778_,7.1
net45,7.1
net70,7.1
_0352_,7.08
_0029_,7.06
_0582_,7.06
_0881_,7.06
_1006_,7.06
uart_tx_jetson_inst.prescale_reg\[2\],7.06
_0867_,7.04
_0763_,7
net120,7
_0492_,6.98
_0566_,6.945
_0031_,6.94
_0135_,6.94
_0307_,6.94
_0585_,6.94
_0719_,6.92
_0004_,6.9
_0426_,6.9
_0271_,6.885
net131,6.88
_0526_,6.86
_0553_,6.84
_0975_,6.84
net188,6.82
_0937_,6.8
_0403_,6.76
_0445_,6.76
_0568_,6.76
_0584_,6.76
net141,6.76
_0905_,6.74
_0354_,6.72
_0365_,6.72
_0765_,6.72
_0789_,6.72
_0958_,6.72
net236,6.72
_0262_,6.685
_0903_,6.68
net160,6.66
_0198_,6.645
_0356_,6.64
_0489_,6.64
_0710_,6.64
rst_cnt\[6\],6.62
_0437_,6.6
uart_tx_raspi_inst.prescale_reg\[3\],6.6
net117,6.6
_0695_,6.58
_0770_,6.58
_0870_,6.56
_0248_,6.54
_0342_,6.52
_0928_,6.52
net69,6.52
net151,6.52
_0951_,6.5
_0136_,6.485
_0598_,6.48
_0118_,6.465
_0680_,6.44
_0732_,6.44
_0773_,6.44
_0837_,6.42
_1010_,6.42
_0424_,6.4
_0708_,6.4
net37,6.4
_0978_,6.38
net145,6.36
_0214_,6.3
_0299_,6.3
_0517_,6.3
_0601_,6.3
net205,6.3
_0072_,6.28
_0282_,6.28
_0692_,6.28
_0432_,6.26
_0483_,6.26
txd_raspi,6.21
_0384_,6.2
_0641_,6.2
_0441_,6.18
uart_tx_raspi_inst.prescale_reg\[9\],6.18
net222,6.18
_0687_,6.16
_0016_,6.14
_0567_,6.14
_0894_,6.14
net59,6.14
_0052_,6.08
_0657_,6.04
_0146_,6.025
net74,6.025
_0863_,6.02
_0147_,6.005
_0168_,6.005
_0707_,5.98
net182,5.98
_0296_,5.96
net72,5.96
uart_rx_raspi_inst.prescale_reg\[12\],5.94
_0289_,5.84
_0527_,5.84
_0547_,5.84
_0983_,5.84
uart_rx_jetson_inst.prescale_reg\[15\],5.84
net79,5.84
_0572_,5.8
_0600_,5.8
_0144_,5.765
_0659_,5.74
_0326_,5.72
net75,5.72
_0921_,5.705
_0857_,5.7
_0367_,5.68
_0465_,5.68
_0493_,5.68
_0495_,5.68
_0727_,5.68
_0842_,5.68
_0909_,5.68
rst_cnt\[2\],5.68
net178,5.68
_0199_,5.62
_0067_,5.61
_0097_,5.61
uart_tx_jetson_inst.prescale_reg\[3\],5.6
net162,5.6
net206,5.58
_0868_,5.57
_0065_,5.56
_0831_,5.56
_0207_,5.545
_0358_,5.52
_0647_,5.52
net179,5.52
_0593_,5.48
_0805_,5.48
_0246_,5.46
_0490_,5.46
reset_n_fc,5.41
_0792_,5.4
net61,5.4
_0229_,5.38
_0293_,5.38
_0324_,5.38
_0534_,5.38
_0627_,5.38
_0316_,5.345
_0022_,5.34
_0039_,5.34
_0398_,5.34
_0574_,5.34
_0721_,5.34
_0772_,5.34
_0956_,5.34
_0994_,5.34
net156,5.34
_0061_,5.33
_0184_,5.305
_0615_,5.28
_0134_,5.26
_0139_,5.26
_0411_,5.26
_0460_,5.26
_0478_,5.26
_0586_,5.26
_0605_,5.26
_0701_,5.26
net44,5.26
_0202_,5.24
_0019_,5.225
_0401_,5.22
_0412_,5.22
_0577_,5.22
_0611_,5.22
_0918_,5.22
net199,5.22
_0524_,5.17
_0335_,5.16
_0869_,5.16
net146,5.16
_0304_,5.14
uart_tx_raspi_inst.data_reg\[1\],5.14
_0780_,5.12
_0075_,5.1
_0159_,5.065
net21,5.06
net90,5.06
net97,5.06
_0145_,5.045
net135,5.04
_0327_,5
_1000_,5
_0273_,4.995
_0102_,4.99
_0616_,4.96
_0617_,4.94
net36,4.94
net103,4.94
_0042_,4.92
_0362_,4.92
_0407_,4.92
_0516_,4.92
_0528_,4.92
_1004_,4.92
uart_rx_jetson_inst.prescale_reg\[6\],4.92
_0314_,4.9
_0887_,4.9
_0409_,4.88
_0556_,4.88
_0787_,4.88
_0871_,4.88
_0898_,4.88
_0920_,4.88
uart_tx_raspi_inst.data_reg\[0\],4.88
net73,4.88
_0205_,4.845
_0514_,4.82
_0056_,4.8
_0370_,4.8
_0704_,4.8
_0784_,4.8
_0985_,4.8
dual_watchdog_inst.watchdog_fc.rising_edge_timeout.tcnt,4.8
_0643_,4.78
_0325_,4.76
_0344_,4.76
_0461_,4.76
_0552_,4.76
_0608_,4.76
net27,4.725
_0216_,4.72
net154,4.7
net167,4.68
_0420_,4.66
_0702_,4.66
_0830_,4.66
_0106_,4.61
net93,4.6
net210,4.6
_0287_,4.595
_0114_,4.585
_0054_,4.58
_0989_,4.58
net148,4.54
_0377_,4.48
_0826_,4.48
_0876_,4.48
_0959_,4.48
net63,4.48
_0233_,4.46
_0238_,4.46
_0341_,4.46
_0712_,4.46
dual_watchdog_inst.watchdog_fc.rising_edge_timeout.internal_count\[17\],4.46
_0557_,4.42
_0812_,4.42
_0955_,4.42
_0264_,4.385
net48,4.385
_0648_,4.36
_0915_,4.36
_0382_,4.34
_0491_,4.34
_0509_,4.34
_0709_,4.34
_0757_,4.34
net47,4.34
net67,4.34
net164,4.34
_0923_,4.32
_0525_,4.29
rxd_raspi,4.27
_0285_,4.265
_0581_,4.24
_0107_,4.22
net76,4.22
_0991_,4.2
_0257_,4.165
_0320_,4.165
_0140_,4.145
_0162_,4.145
_0231_,4.14
_0533_,4.14
net41,4.14
net196,4.14
_0023_,4.12
_0235_,4.12
_0696_,4.12
_0734_,4.12
net126,4.12
net216,4.12
_0098_,4.1
_0507_,4.1
_0699_,4.1
_0902_,4.1
_0153_,4.085
_0208_,4.085
_0013_,4.08
_0739_,4.08
_0209_,4.025
_0348_,4.02
_0626_,4.02
net65,4.02
net118,4.02
_0044_,4
_0311_,4
_0652_,4
_0756_,4
_0800_,4
_1007_,4
_0150_,3.995
_0213_,3.935
_0123_,3.925
_0288_,3.925
net56,3.925
_0690_,3.9
_0714_,3.9
_0924_,3.9
_0079_,3.88
_0312_,3.88
_0416_,3.88
_0498_,3.88
_0675_,3.88
rst_cnt\[7\],3.88
net119,3.88
net132,3.88
net170,3.88
_0913_,3.78
_0494_,3.76
uart_tx_raspi_inst.prescale_reg\[15\],3.76
net22,3.76
net99,3.76
_0117_,3.705
_0158_,3.705
_0268_,3.705
net38,3.705
net101,3.705
_0032_,3.66
_0036_,3.66
_0697_,3.66
net144,3.66
_0642_,3.64
net150,3.64
_0283_,3.625
_0333_,3.56
_0449_,3.56
net26,3.56
net42,3.56
net104,3.56
_0026_,3.54
_0037_,3.54
_0041_,3.54
_0227_,3.54
_0228_,3.54
_0236_,3.54
_0240_,3.54
_0351_,3.54
_0353_,3.54
_0406_,3.54
_0947_,3.54
net83,3.54
net113,3.54
net122,3.54
net127,3.54
net153,3.54
net157,3.54
net173,3.54
net231,3.54
net233,3.54
_0873_,3.52
net43,3.505
_0112_,3.465
_0176_,3.465
_0190_,3.465
_0200_,3.465
_0206_,3.465
_0220_,3.465
_0813_,3.44
_0339_,3.42
_0387_,3.42
_0390_,3.42
_0854_,3.42
net129,3.42
net142,3.42
net161,3.42
net169,3.42
net121,3.385
_0094_,3.35
_0266_,3.345
_0218_,3.32
_0544_,3.32
_0583_,3.32
net168,3.32
net175,3.32
_0051_,3.3
_0169_,3.245
_0276_,3.245
_0177_,3.225
_0256_,3.22
net53,3.22
net82,3.22
net130,3.22
_0011_,3.2
_0040_,3.2
_0050_,3.2
_0668_,3.2
_0993_,3.2
_0087_,3.18
net125,3.18
_0113_,3.175
_0133_,3.175
_0138_,3.175
_0222_,3.175
_0224_,3.175
_0261_,3.175
_0074_,3.15
net238,3.125
_0298_,3.1
_0545_,3.1
_0613_,3.1
_0637_,3.1
_0976_,3.1
net116,3.1
net190,3.1
_0017_,3.08
_0024_,3.08
_0028_,3.08
_0038_,3.08
_0047_,3.08
_0053_,3.08
_0292_,3.08
_0297_,3.08
_0388_,3.08
_0394_,3.08
_0455_,3.08
_0500_,3.08
_0532_,3.08
_0862_,3.08
_0901_,3.08
_0981_,3.08
_0984_,3.08
rst_cnt\[3\],3.08
net57,3.08
net159,3.08
net195,3.08
net204,3.08
net234,3.08
_0148_,3.06
_0277_,3.045
_0171_,3.005
_0423_,2.98
_0548_,2.98
_0453_,2.96
_0563_,2.96
_0630_,2.96
_0705_,2.96
_0878_,2.96
_0910_,2.96
_0979_,2.96
_0992_,2.96
net181,2.96
_0156_,2.94
_0132_,2.88
_0154_,2.88
_0175_,2.88
_0203_,2.86
_0068_,2.84
_0108_,2.84
_0301_,2.84
_0640_,2.82
_0258_,2.785
_0284_,2.785
_0085_,2.77
_0443_,2.76
_0664_,2.76
net71,2.76
net139,2.76
net163,2.76
_0021_,2.74
_0046_,2.74
_0249_,2.74
_0127_,2.715
_0193_,2.715
_0210_,2.715
_0211_,2.715
_0221_,2.715
_0274_,2.715
_0081_,2.69
_0084_,2.69
_0089_,2.69
_0090_,2.69
_0103_,2.69
_0104_,2.69
_0109_,2.69
_0027_,2.64
_0419_,2.64
_0897_,2.64
net49,2.64
net138,2.64
net217,2.64
_0033_,2.62
_0034_,2.62
_0055_,2.62
_0291_,2.62
_0294_,2.62
_0397_,2.62
_0404_,2.62
_0430_,2.62
_0457_,2.62
_0549_,2.62
_0588_,2.62
_0793_,2.62
_0960_,2.62
net85,2.62
net86,2.62
net102,2.62
net108,2.62
net110,2.62
net172,2.62
net218,2.62
net229,2.62
_0191_,2.595
_0172_,2.585
_0115_,2.545
_0126_,2.545
_0189_,2.545
_0319_,2.545
_0321_,2.545
net34,2.545
_0014_,2.52
_0361_,2.52
_0587_,2.52
_0774_,2.52
_0776_,2.52
_0234_,2.5
_0458_,2.5
_0623_,2.5
_0865_,2.5
net134,2.5
_0295_,2.465
_0095_,2.43
_0121_,2.42
_0130_,2.42
_0152_,2.42
_0272_,2.42
_0385_,2.4
_0646_,2.4
net187,2.4
_0059_,2.38
_0071_,2.38
_0080_,2.38
_0082_,2.38
_0091_,2.38
_0092_,2.38
_0096_,2.38
_0099_,2.38
_0101_,2.38
_0110_,2.38
_0482_,2.38
_0484_,2.38
_0122_,2.375
_0163_,2.375
_0848_,2.375
_0128_,2.325
_0179_,2.325
_0265_,2.325
_0275_,2.325
_0003_,2.3
_0043_,2.3
_0456_,2.3
_0462_,2.3
_0464_,2.3
_0529_,2.3
_0949_,2.3
_1013_,2.3
net89,2.3
net198,2.3
_0030_,2.28
_0048_,2.28
_0077_,2.28
_0243_,2.28
_0247_,2.28
_0693_,2.28
_0935_,2.28
_0944_,2.27
_0151_,2.255
_0165_,2.255
net46,2.255
net212,2.255
_0058_,2.23
_0060_,2.23
_0063_,2.23
_0064_,2.23
_0076_,2.23
_0083_,2.23
_0105_,2.23
_0111_,2.23
_0062_,2.21
_0045_,2.18
_0178_,2.18
_0230_,2.18
_0422_,2.18
_0603_,2.18
_0634_,2.18
_0795_,2.18
_0860_,2.18
_0891_,2.18
_0912_,2.18
_0953_,2.18
_0006_,2.16
_0018_,2.16
_0025_,2.16
_0244_,2.16
_0300_,2.16
_0309_,2.16
_0313_,2.16
_0315_,2.16
_0360_,2.16
_0418_,2.16
_0459_,2.16
_0539_,2.16
_0541_,2.16
_0844_,2.16
_0847_,2.16
_1012_,2.16
uart_rx_jetson_inst.data_reg\[0\],2.16
_0347_,2.155
_0212_,2.145
_0155_,2.085
_0164_,2.085
_0194_,2.085
_0195_,2.085
_0322_,2.085
_0142_,2.08
_0217_,2.08
_0197_,2.06
_0260_,2.06
_0522_,2.06
_0706_,2.06
_0832_,2.06
_0487_,2.04
_0636_,2.04
_0850_,2.04
_0125_,2.025
_0201_,2.025
_0259_,2.025
_0270_,2.025
_0318_,2.025
_0005_,2.005
_0515_,1.94
_0575_,1.94
_0624_,1.94
net232,1.94
_0141_,1.895
_0116_,1.865
_0187_,1.865
_0192_,1.865
_0196_,1.865
_0226_,1.865
net51,1.865
_0252_,1.84
_0408_,1.84
_0503_,1.84
_0535_,1.84
_0835_,1.84
_0954_,1.84
net31,1.84
net80,1.84
net87,1.84
net106,1.84
net107,1.84
net115,1.84
net123,1.84
net124,1.84
net140,1.84
net152,1.84
net171,1.84
net184,1.84
net189,1.84
net221,1.84
net227,1.84
_0035_,1.82
_0057_,1.82
_0069_,1.82
_0086_,1.82
_0237_,1.82
_0241_,1.82
_0253_,1.82
_0290_,1.82
_0488_,1.82
_0518_,1.82
_0980_,1.82
net203,1.82
net209,1.82
net29,1.795
_0088_,1.75
_0807_,1.72
_0859_,1.72
_0883_,1.72
_0899_,1.72
_0907_,1.72
_0066_,1.7
_0219_,1.7
_0519_,1.7
_0592_,1.7
_0932_,1.7
dual_watchdog_inst.watchdog_fc.falling_edge_timeout.tcnt,1.7
uart_tx_raspi_inst.s_axis_tready_reg,1.7
net23,1.7
net91,1.7
net235,1.7
net32,1.685
_0386_,1.6
_0614_,1.6
_0781_,1.6
_0962_,1.6
_1005_,1.6
_0120_,1.575
_0452_,1.48
_0769_,1.48
_0786_,1.48
_0788_,1.48
net194,1.48
_0129_,1.46
_0157_,1.405
_0181_,1.405
_0263_,1.405
net24,1.405
_0334_,1.38
_0363_,1.38
_0554_,1.38
_0746_,1.38
_0779_,1.38
_0824_,1.38
_0856_,1.38
_0864_,1.38
_0879_,1.38
_0916_,1.38
_0922_,1.38
net58,1.38
net149,1.38
net166,1.38
net200,1.38
net207,1.38
net219,1.38
net224,1.38
net228,1.38
net230,1.38
_0070_,1.36
_0073_,1.36
_0093_,1.36
_0100_,1.36
_0480_,1.36
_0818_,1.36
_0020_,1.26
_0242_,1.26
_0338_,1.26
_0350_,1.26
_0364_,1.26
_0511_,1.26
_0555_,1.26
_0570_,1.26
_0606_,1.26
_0635_,1.26
_0467_,1.14
_0468_,1.14
_0481_,1.14
_0753_,1.14
_0888_,1.14
_0990_,1.14
_0752_,1.1
_0512_,1.02
_0711_,1.02
net193,1.02
_0343_,0.92
_0442_,0.92
_0447_,0.92
_0486_,0.92
_0508_,0.92
_0649_,0.92
_0653_,0.92
_0971_,0.92
_0987_,0.92
net54,0.92
net109,0.92
_0170_,0.8
_0223_,0.8
_0381_,0.8
_0485_,0.8
_0594_,0.8
uart_rx_raspi_inst.prescale_reg\[17\],0.8
net147,0.8
_0186_,0.46
_0413_,0.46
_0428_,0.46
net25,0.46
net78,0.46
net88,0.46
net100,0.46
net112,0.46
net128,0.46
net158,0.46
net177,0.46
net186,0.46
net191,0.46
net202,0.46
net215,0.46
net225,0.46
